{
	"class_name" : "PinholeCameraParameters",
	"extrinsic" : 
	[
		1.0,
		-0.0,
		-0.0,
		0.0,
		0.0,
		-1.0,
		-0.0,
		0.0,
		0.0,
		-0.0,
		-1.0,
		0.0,
		-0.0,
		0.0,
		0.0,
		1.0
	],
	"intrinsic" : 
	{
		"height" : 412,
		"intrinsic_matrix" : 
		[
			356.80246635918877,
			0.0,
			0.0,
			0.0,
			356.80246635918877,
			0.0,
			472.5,
			205.5,
			1.0
		],
		"width" : 946
	},
	"version_major" : 1,
	"version_minor" : 0
}